2015-06-07 22:18:44,WorkflowStarted,Workflow Started monitoring
2015-06-07 22:18:44,WorkflowStarted,Workflow Started monitoring
2015-06-07 22:18:44,WorkflowStarted,Workflow Started monitoring
2015-06-07 22:18:44,WorkflowStarted,Workflow Started monitoring
2015-06-07 22:18:44,WorkflowStarted,Workflow Started monitoring
2015-06-07 22:18:44,WorkflowStarted,Workflow Started monitoring
2015-06-07 22:18:44,WorkflowStarted,Workflow Started monitoring
2015-06-07 22:18:44,WorkflowStarted,Workflow Started monitoring
2015-06-07 22:18:44,WorkflowStarted,Workflow Started monitoring
2015-06-07 22:18:44,WorkflowStarted,Workflow Started monitoring
2015-06-07 22:18:44,WorkflowStarted,Workflow Started monitoring
2015-06-07 22:18:44,WorkflowStarted,Workflow Started monitoring
2015-06-07 22:18:44,WorkflowStarted,Workflow Started monitoring
2015-06-07 22:18:44,WorkflowStarted,Workflow Started monitoring
2015-06-07 22:18:44,WorkflowStarted,Workflow Started monitoring
2015-06-07 22:18:44,WorkflowStarted,Workflow Started monitoring
2015-06-07 22:18:44,WorkflowStarted,Workflow Started monitoring
2015-06-07 22:18:44,WorkflowStarted,Workflow Started monitoring
2015-06-07 22:18:44,WorkflowStarted,Workflow Started monitoring
2015-06-07 22:18:44,WorkflowStarted,Workflow Started monitoring
2015-06-07 22:18:44,WorkflowStarted,Workflow Started monitoring
2015-06-07 22:18:44,WorkflowStarted,Workflow Started monitoring
2015-06-07 22:18:44,WorkflowStarted,Workflow Started monitoring
2015-06-07 22:18:44,WorkflowStarted,Workflow Started monitoring
2015-06-07 22:18:44,WorkflowStarted,Workflow Started monitoring
2015-06-07 22:18:44,WorkflowStarted,Workflow Started monitoring
2015-06-07 22:18:44,WorkflowStarted,Workflow Started monitoring
2015-06-07 22:18:44,WorkflowStarted,Workflow Started monitoring
2015-06-07 22:18:44,WorkflowStarted,Workflow Started monitoring
2015-06-07 22:18:44,WorkflowStarted,Workflow Started monitoring
2015-06-07 22:18:44,WorkflowStarted,Workflow Started monitoring
2015-06-07 22:18:44,WorkflowStarted,Workflow Started monitoring
2015-06-07 22:18:44,WorkflowStarted,Workflow Started monitoring
2015-06-07 22:18:44,WorkflowStarted,Workflow Started monitoring
2015-06-07 22:18:44,WorkflowStarted,Workflow Started monitoring
2015-06-07 22:18:44,WorkflowStarted,Workflow Started monitoring
2015-06-07 22:18:44,WorkflowStarted,Workflow Started monitoring
2015-06-07 22:18:44,WorkflowStarted,Workflow Started monitoring
2015-06-07 22:18:44,WorkflowStarted,Workflow Started monitoring
2015-06-07 22:18:44,WorkflowStarted,Workflow Started monitoring
2015-06-07 22:18:44,WorkflowStarted,Workflow Started monitoring
2015-06-07 22:18:44,WorkflowStarted,Workflow Started monitoring
2015-06-07 22:18:44,WorkflowStarted,Workflow Started monitoring
2015-06-07 22:18:44,WorkflowStarted,Workflow Started monitoring
2015-06-07 22:18:44,WorkflowStarted,Workflow Started monitoring
2015-06-07 22:18:44,WorkflowStarted,Workflow Started monitoring
2015-06-07 22:18:44,WorkflowStarted,Workflow Started monitoring
2015-06-07 22:18:44,WorkflowStarted,Workflow Started monitoring
2015-06-07 22:18:44,WorkflowStarted,Workflow Started monitoring
2015-06-07 22:18:44,WorkflowStarted,Workflow Started monitoring
2015-06-07 22:18:44,WorkflowStarted,Workflow Started monitoring
2015-06-07 22:18:44,WorkflowStarted,Workflow Started monitoring
2015-06-07 22:18:44,WorkflowStarted,Workflow Started monitoring
2015-06-07 22:18:44,WorkflowStarted,Workflow Started monitoring
2015-06-07 22:18:44,WorkflowStarted,Workflow Started monitoring
2015-06-07 22:18:44,WorkflowStarted,Workflow Started monitoring
2015-06-07 22:18:44,WorkflowStarted,Workflow Started monitoring
2015-06-07 22:18:44,WorkflowStarted,Workflow Started monitoring
2015-06-07 22:18:44,WorkflowStarted,Workflow Started monitoring
2015-06-07 22:18:44,WorkflowStarted,Workflow Started monitoring
2015-06-07 22:18:44,WorkflowStarted,Workflow Started monitoring
2015-06-07 22:18:44,WorkflowStarted,Workflow Started monitoring
2015-06-07 22:18:44,WorkflowStarted,Workflow Started monitoring
2015-06-07 22:18:44,WorkflowStarted,Workflow Started monitoring
2015-06-07 22:18:44,WorkflowStarted,Workflow Started monitoring
2015-06-07 22:18:44,WorkflowStarted,Workflow Started monitoring
2015-06-07 22:18:44,WorkflowStarted,Workflow Started monitoring
2015-06-07 22:18:44,WorkflowStarted,Workflow Started monitoring
2015-06-07 22:18:44,WorkflowStarted,Workflow Started monitoring
2015-06-07 22:18:44,WorkflowStarted,Workflow Started monitoring
2015-06-07 22:18:44,WorkflowStarted,Workflow Started monitoring
2015-06-07 22:18:44,WorkflowStarted,Workflow Started monitoring
2015-06-07 22:18:44,WorkflowStarted,Workflow Started monitoring
2015-06-07 22:18:44,WorkflowStarted,Workflow Started monitoring
2015-06-07 22:18:44,WorkflowStarted,Workflow Started monitoring
2015-06-07 22:18:44,WorkflowStarted,Workflow Started monitoring
2015-06-07 22:18:44,WorkflowStarted,Workflow Started monitoring
2015-06-07 22:18:44,WorkflowStarted,Workflow Started monitoring
2015-06-07 22:18:44,WorkflowStarted,Workflow Started monitoring
2015-06-07 22:18:44,WorkflowStarted,Workflow Started monitoring
2015-06-07 22:18:44,WorkflowStarted,Workflow Started monitoring
2015-06-07 22:18:44,WorkflowStarted,Workflow Started monitoring
2015-06-07 22:18:44,WorkflowStarted,Workflow Started monitoring
2015-06-07 22:18:44,WorkflowStarted,Workflow Started monitoring
2015-06-07 22:18:44,WorkflowStarted,Workflow Started monitoring
2015-06-07 22:18:44,WorkflowStarted,Workflow Started monitoring
2015-06-07 22:18:44,WorkflowStarted,Workflow Started monitoring
2015-06-07 22:18:44,WorkflowStarted,Workflow Started monitoring
2015-06-07 22:18:44,WorkflowStarted,Workflow Started monitoring
2015-06-07 22:18:44,WorkflowStarted,Workflow Started monitoring
2015-06-07 22:18:44,WorkflowStarted,Workflow Started monitoring
2015-06-07 22:18:44,WorkflowStarted,Workflow Started monitoring
2015-06-07 22:18:44,WorkflowStarted,Workflow Started monitoring
2015-06-07 22:18:44,WorkflowStarted,Workflow Started monitoring
2015-06-07 22:18:44,WorkflowStarted,Workflow Started monitoring
2015-06-07 22:18:44,WorkflowStarted,Workflow Started monitoring
2015-06-07 22:18:44,WorkflowStarted,Workflow Started monitoring
2015-06-07 22:18:44,WorkflowStarted,Workflow Started monitoring
2015-06-07 22:18:44,WorkflowStarted,Workflow Started monitoring
2015-06-07 22:18:44,WorkflowStarted,Workflow Started monitoring
2015-06-07 22:20:07,WorkflowStarted,Workflow Started monitoring
2015-06-07 22:20:07,WorkflowStarted,Workflow Started monitoring
2015-06-07 22:20:07,WorkflowStarted,Workflow Started monitoring
2015-06-07 22:20:07,WorkflowStarted,Workflow Started monitoring
2015-06-07 22:20:07,WorkflowStarted,Workflow Started monitoring
2015-06-07 22:20:07,WorkflowStarted,Workflow Started monitoring
2015-06-07 22:20:07,WorkflowStarted,Workflow Started monitoring
2015-06-07 22:20:07,WorkflowStarted,Workflow Started monitoring
2015-06-07 22:20:07,WorkflowStarted,Workflow Started monitoring
2015-06-07 22:20:07,WorkflowStarted,Workflow Started monitoring
2015-06-07 22:20:07,WorkflowStarted,Workflow Started monitoring
2015-06-07 22:20:07,WorkflowStarted,Workflow Started monitoring
2015-06-07 22:20:07,WorkflowStarted,Workflow Started monitoring
2015-06-07 22:20:07,WorkflowStarted,Workflow Started monitoring
2015-06-07 22:20:07,WorkflowStarted,Workflow Started monitoring
2015-06-07 22:20:07,WorkflowStarted,Workflow Started monitoring
2015-06-07 22:20:07,WorkflowStarted,Workflow Started monitoring
2015-06-07 22:20:07,WorkflowStarted,Workflow Started monitoring
2015-06-07 22:20:07,WorkflowStarted,Workflow Started monitoring
2015-06-07 22:20:07,WorkflowStarted,Workflow Started monitoring
2015-06-07 22:20:07,WorkflowStarted,Workflow Started monitoring
2015-06-07 22:20:07,WorkflowStarted,Workflow Started monitoring
2015-06-07 22:20:07,WorkflowStarted,Workflow Started monitoring
2015-06-07 22:20:07,WorkflowStarted,Workflow Started monitoring
2015-06-07 22:20:07,WorkflowStarted,Workflow Started monitoring
2015-06-07 22:20:07,WorkflowStarted,Workflow Started monitoring
2015-06-07 22:20:07,WorkflowStarted,Workflow Started monitoring
2015-06-07 22:20:07,WorkflowStarted,Workflow Started monitoring
2015-06-07 22:20:07,WorkflowStarted,Workflow Started monitoring
2015-06-07 22:20:08,WorkflowStarted,Workflow Started monitoring
2015-06-07 22:20:08,WorkflowStarted,Workflow Started monitoring
2015-06-07 22:20:08,WorkflowStarted,Workflow Started monitoring
2015-06-07 22:20:08,WorkflowStarted,Workflow Started monitoring
2015-06-07 22:20:08,WorkflowStarted,Workflow Started monitoring
2015-06-07 22:20:08,WorkflowStarted,Workflow Started monitoring
2015-06-07 22:20:08,WorkflowStarted,Workflow Started monitoring
2015-06-07 22:20:08,WorkflowStarted,Workflow Started monitoring
2015-06-07 22:20:08,WorkflowStarted,Workflow Started monitoring
2015-06-07 22:20:08,WorkflowStarted,Workflow Started monitoring
2015-06-07 22:20:08,WorkflowStarted,Workflow Started monitoring
2015-06-07 22:20:08,WorkflowStarted,Workflow Started monitoring
2015-06-07 22:20:08,WorkflowStarted,Workflow Started monitoring
2015-06-07 22:20:08,WorkflowStarted,Workflow Started monitoring
2015-06-07 22:20:08,WorkflowStarted,Workflow Started monitoring
2015-06-07 22:20:08,WorkflowStarted,Workflow Started monitoring
2015-06-07 22:20:08,WorkflowStarted,Workflow Started monitoring
2015-06-07 22:20:08,WorkflowStarted,Workflow Started monitoring
2015-06-07 22:20:08,WorkflowStarted,Workflow Started monitoring
2015-06-07 22:20:08,WorkflowStarted,Workflow Started monitoring
2015-06-07 22:20:08,WorkflowStarted,Workflow Started monitoring
2015-06-07 22:20:08,WorkflowStarted,Workflow Started monitoring
2015-06-07 22:20:08,WorkflowStarted,Workflow Started monitoring
2015-06-07 22:20:08,WorkflowStarted,Workflow Started monitoring
2015-06-07 22:20:08,WorkflowStarted,Workflow Started monitoring
2015-06-07 22:20:08,WorkflowStarted,Workflow Started monitoring
2015-06-07 22:20:08,WorkflowStarted,Workflow Started monitoring
2015-06-07 22:20:08,WorkflowStarted,Workflow Started monitoring
2015-06-07 22:20:08,WorkflowStarted,Workflow Started monitoring
2015-06-07 22:20:08,WorkflowStarted,Workflow Started monitoring
2015-06-07 22:20:08,WorkflowStarted,Workflow Started monitoring
2015-06-07 22:20:08,WorkflowStarted,Workflow Started monitoring
2015-06-07 22:20:08,WorkflowStarted,Workflow Started monitoring
2015-06-07 22:20:08,WorkflowStarted,Workflow Started monitoring
2015-06-07 22:20:08,WorkflowStarted,Workflow Started monitoring
2015-06-07 22:20:08,WorkflowStarted,Workflow Started monitoring
2015-06-07 22:20:08,WorkflowStarted,Workflow Started monitoring
2015-06-07 22:20:08,WorkflowStarted,Workflow Started monitoring
2015-06-07 22:20:08,WorkflowStarted,Workflow Started monitoring
2015-06-07 22:20:08,WorkflowStarted,Workflow Started monitoring
2015-06-07 22:20:08,WorkflowStarted,Workflow Started monitoring
2015-06-07 22:20:08,WorkflowStarted,Workflow Started monitoring
2015-06-07 22:20:08,WorkflowStarted,Workflow Started monitoring
2015-06-07 22:20:08,WorkflowStarted,Workflow Started monitoring
2015-06-07 22:20:08,WorkflowStarted,Workflow Started monitoring
2015-06-07 22:20:08,WorkflowStarted,Workflow Started monitoring
2015-06-07 22:20:08,WorkflowStarted,Workflow Started monitoring
2015-06-07 22:20:08,WorkflowStarted,Workflow Started monitoring
2015-06-07 22:20:08,WorkflowStarted,Workflow Started monitoring
2015-06-07 22:20:08,WorkflowStarted,Workflow Started monitoring
2015-06-07 22:20:08,WorkflowStarted,Workflow Started monitoring
2015-06-07 22:20:08,WorkflowStarted,Workflow Started monitoring
2015-06-07 22:20:08,WorkflowStarted,Workflow Started monitoring
2015-06-07 22:20:08,WorkflowStarted,Workflow Started monitoring
2015-06-07 22:20:08,WorkflowStarted,Workflow Started monitoring
2015-06-07 22:20:08,WorkflowStarted,Workflow Started monitoring
2015-06-07 22:20:08,WorkflowStarted,Workflow Started monitoring
2015-06-07 22:20:08,WorkflowStarted,Workflow Started monitoring
2015-06-07 22:20:08,WorkflowStarted,Workflow Started monitoring
2015-06-07 22:20:08,WorkflowStarted,Workflow Started monitoring
2015-06-07 22:20:08,WorkflowStarted,Workflow Started monitoring
2015-06-07 22:20:08,WorkflowStarted,Workflow Started monitoring
2015-06-07 22:20:08,WorkflowStarted,Workflow Started monitoring
2015-06-07 22:20:08,WorkflowStarted,Workflow Started monitoring
2015-06-07 22:20:08,WorkflowStarted,Workflow Started monitoring
2015-06-07 22:20:08,WorkflowStarted,Workflow Started monitoring
2015-06-07 22:20:08,WorkflowStarted,Workflow Started monitoring
2015-06-07 22:20:08,WorkflowStarted,Workflow Started monitoring
2015-06-07 22:20:08,WorkflowStarted,Workflow Started monitoring
2015-06-07 22:20:08,WorkflowStarted,Workflow Started monitoring
2015-06-07 22:20:08,WorkflowStarted,Workflow Started monitoring
2015-06-07 22:20:24,WorkflowStarted,Workflow Started monitoring
2015-06-07 22:20:24,WorkflowStarted,Workflow Started monitoring
2015-06-07 22:20:24,WorkflowStarted,Workflow Started monitoring
2015-06-07 22:20:24,WorkflowStarted,Workflow Started monitoring
2015-06-07 22:20:24,WorkflowStarted,Workflow Started monitoring
2015-06-07 22:20:24,WorkflowStarted,Workflow Started monitoring
2015-06-07 22:20:24,WorkflowStarted,Workflow Started monitoring
2015-06-07 22:20:24,WorkflowStarted,Workflow Started monitoring
2015-06-07 22:20:24,WorkflowStarted,Workflow Started monitoring
2015-06-07 22:20:24,WorkflowStarted,Workflow Started monitoring
2015-06-07 22:20:24,WorkflowStarted,Workflow Started monitoring
2015-06-07 22:20:24,WorkflowStarted,Workflow Started monitoring
2015-06-07 22:20:24,WorkflowStarted,Workflow Started monitoring
2015-06-07 22:20:24,WorkflowStarted,Workflow Started monitoring
2015-06-07 22:20:24,WorkflowStarted,Workflow Started monitoring
2015-06-07 22:20:24,WorkflowStarted,Workflow Started monitoring
2015-06-07 22:20:24,WorkflowStarted,Workflow Started monitoring
2015-06-07 22:20:24,WorkflowStarted,Workflow Started monitoring
2015-06-07 22:20:24,WorkflowStarted,Workflow Started monitoring
2015-06-07 22:20:24,WorkflowStarted,Workflow Started monitoring
2015-06-07 22:20:24,WorkflowStarted,Workflow Started monitoring
2015-06-07 22:20:24,WorkflowStarted,Workflow Started monitoring
2015-06-07 22:20:24,WorkflowStarted,Workflow Started monitoring
2015-06-07 22:20:24,WorkflowStarted,Workflow Started monitoring
2015-06-07 22:20:24,WorkflowStarted,Workflow Started monitoring
2015-06-07 22:20:24,WorkflowStarted,Workflow Started monitoring
2015-06-07 22:20:24,WorkflowStarted,Workflow Started monitoring
2015-06-07 22:20:24,WorkflowStarted,Workflow Started monitoring
2015-06-07 22:20:24,WorkflowStarted,Workflow Started monitoring
2015-06-07 22:20:24,WorkflowStarted,Workflow Started monitoring
2015-06-07 22:20:24,WorkflowStarted,Workflow Started monitoring
2015-06-07 22:20:24,WorkflowStarted,Workflow Started monitoring
2015-06-07 22:20:24,WorkflowStarted,Workflow Started monitoring
2015-06-07 22:20:24,WorkflowStarted,Workflow Started monitoring
2015-06-07 22:20:24,WorkflowStarted,Workflow Started monitoring
2015-06-07 22:20:24,WorkflowStarted,Workflow Started monitoring
2015-06-07 22:20:24,WorkflowStarted,Workflow Started monitoring
2015-06-07 22:20:24,WorkflowStarted,Workflow Started monitoring
2015-06-07 22:20:24,WorkflowStarted,Workflow Started monitoring
2015-06-07 22:20:24,WorkflowStarted,Workflow Started monitoring
2015-06-07 22:20:24,WorkflowStarted,Workflow Started monitoring
2015-06-07 22:20:24,WorkflowStarted,Workflow Started monitoring
2015-06-07 22:20:24,WorkflowStarted,Workflow Started monitoring
2015-06-07 22:20:24,WorkflowStarted,Workflow Started monitoring
2015-06-07 22:20:24,WorkflowStarted,Workflow Started monitoring
2015-06-07 22:20:24,WorkflowStarted,Workflow Started monitoring
2015-06-07 22:20:24,WorkflowStarted,Workflow Started monitoring
2015-06-07 22:20:24,WorkflowStarted,Workflow Started monitoring
2015-06-07 22:20:24,WorkflowStarted,Workflow Started monitoring
2015-06-07 22:20:24,WorkflowStarted,Workflow Started monitoring
2015-06-07 22:20:24,WorkflowStarted,Workflow Started monitoring
2015-06-07 22:20:24,WorkflowStarted,Workflow Started monitoring
2015-06-07 22:20:24,WorkflowStarted,Workflow Started monitoring
2015-06-07 22:20:24,WorkflowStarted,Workflow Started monitoring
2015-06-07 22:20:24,WorkflowStarted,Workflow Started monitoring
2015-06-07 22:20:24,WorkflowStarted,Workflow Started monitoring
2015-06-07 22:20:24,WorkflowStarted,Workflow Started monitoring
2015-06-07 22:20:24,WorkflowStarted,Workflow Started monitoring
2015-06-07 22:20:24,WorkflowStarted,Workflow Started monitoring
2015-06-07 22:20:24,WorkflowStarted,Workflow Started monitoring
2015-06-07 22:20:24,WorkflowStarted,Workflow Started monitoring
2015-06-07 22:20:24,WorkflowStarted,Workflow Started monitoring
2015-06-07 22:20:24,WorkflowStarted,Workflow Started monitoring
2015-06-07 22:20:24,WorkflowStarted,Workflow Started monitoring
2015-06-07 22:20:24,WorkflowStarted,Workflow Started monitoring
2015-06-07 22:20:24,WorkflowStarted,Workflow Started monitoring
2015-06-07 22:20:24,WorkflowStarted,Workflow Started monitoring
2015-06-07 22:20:24,WorkflowStarted,Workflow Started monitoring
2015-06-07 22:20:24,WorkflowStarted,Workflow Started monitoring
2015-06-07 22:20:24,WorkflowStarted,Workflow Started monitoring
2015-06-07 22:20:24,WorkflowStarted,Workflow Started monitoring
2015-06-07 22:20:24,WorkflowStarted,Workflow Started monitoring
2015-06-07 22:20:24,WorkflowStarted,Workflow Started monitoring
2015-06-07 22:20:24,WorkflowStarted,Workflow Started monitoring
2015-06-07 22:20:24,WorkflowStarted,Workflow Started monitoring
2015-06-07 22:20:24,WorkflowStarted,Workflow Started monitoring
2015-06-07 22:20:24,WorkflowStarted,Workflow Started monitoring
2015-06-07 22:20:24,WorkflowStarted,Workflow Started monitoring
2015-06-07 22:20:24,WorkflowStarted,Workflow Started monitoring
2015-06-07 22:20:24,WorkflowStarted,Workflow Started monitoring
2015-06-07 22:20:24,WorkflowStarted,Workflow Started monitoring
2015-06-07 22:20:24,WorkflowStarted,Workflow Started monitoring
2015-06-07 22:20:24,WorkflowStarted,Workflow Started monitoring
2015-06-07 22:20:24,WorkflowStarted,Workflow Started monitoring
2015-06-07 22:20:24,WorkflowStarted,Workflow Started monitoring
2015-06-07 22:20:24,WorkflowStarted,Workflow Started monitoring
2015-06-07 22:20:24,WorkflowStarted,Workflow Started monitoring
2015-06-07 22:20:24,WorkflowStarted,Workflow Started monitoring
2015-06-07 22:20:24,WorkflowStarted,Workflow Started monitoring
2015-06-07 22:20:24,WorkflowStarted,Workflow Started monitoring
2015-06-07 22:20:24,WorkflowStarted,Workflow Started monitoring
2015-06-07 22:20:24,WorkflowStarted,Workflow Started monitoring
2015-06-07 22:20:24,WorkflowStarted,Workflow Started monitoring
2015-06-07 22:20:25,WorkflowStarted,Workflow Started monitoring
2015-06-07 22:20:25,WorkflowStarted,Workflow Started monitoring
2015-06-07 22:20:25,WorkflowStarted,Workflow Started monitoring
2015-06-07 22:20:25,WorkflowStarted,Workflow Started monitoring
2015-06-07 22:20:25,WorkflowStarted,Workflow Started monitoring
2015-06-07 22:20:25,WorkflowStarted,Workflow Started monitoring
2015-06-07 22:20:25,WorkflowStarted,Workflow Started monitoring
